timestamp,demand
2012-01-01,9191420.0
2012-01-02,9952561.0
2012-01-03,11585345.0
2012-01-04,12024761.0
2012-01-05,11914665.0
2012-01-06,11905832.0
2012-01-07,10424671.0
2012-01-08,10365376.0
2012-01-09,11710548.0
2012-01-10,11852789.0
2012-01-11,11743734.0
2012-01-12,11275203.0
2012-01-13,12136102.0
2012-01-14,11300936.0
2012-01-15,11060946.0
2012-01-16,12787640.0
2012-01-17,12951778.0
2012-01-18,12336949.0
2012-01-19,11973660.0
2012-01-20,12031433.0
2012-01-21,10606998.0
2012-01-22,10362788.0
2012-01-23,12019275.0
2012-01-24,12511822.0
2012-01-25,12010346.0
2012-01-26,12099537.0
2012-01-27,12150674.0
2012-01-28,11176805.0
2012-01-29,11138477.0
2012-01-30,12778293.0
2012-01-31,13081550.0
2012-02-01,13239891.0
2012-02-02,12559928.0
2012-02-03,12559928.0
2012-02-04,12674315.0
2012-02-05,12167541.0
2012-02-06,13572860.0
2012-02-07,12559928.0
2012-02-08,12559928.0
2012-02-09,12559928.0
2012-02-10,12559928.0
2012-02-11,12677189.0
2012-02-12,12350453.0
2012-02-13,13302853.0
2012-02-14,13119359.0
2012-02-15,12611836.0
2012-02-16,12647773.0
2012-02-17,12252368.0
2012-02-18,10775560.0
2012-02-19,10846689.0
2012-02-20,12736254.0
2012-02-21,12495846.0
2012-02-22,12338245.0
2012-02-23,11905746.0
2012-02-24,11553570.0
2012-02-25,10317457.0
2012-02-26,10204236.0
2012-02-27,11773457.0
2012-02-28,11741764.0
2012-02-29,11290321.0
2012-03-01,11511390.0
2012-03-02,11063962.0
2012-03-03,10272665.0
2012-03-04,10411431.0
2012-03-05,11872791.0
2012-03-06,12100806.0
2012-03-07,11873265.0
2012-03-08,11874196.0
2012-03-09,11578838.0
2012-03-10,10273407.0
2012-03-11,9869056.0
2012-03-12,11383392.0
2012-03-13,11691301.0
2012-03-14,11307258.0
2012-03-15,11658363.0
2012-03-16,11353312.0
2012-03-17,10289637.0
2012-03-18,10017133.0
2012-03-19,11362949.0
2012-03-20,11294798.0
2012-03-21,11293673.0
2012-03-22,11127633.0
2012-03-23,10933886.0
2012-03-24,9700948.0
2012-03-25,9333527.0
2012-03-26,10556742.0
2012-03-27,10619891.0
2012-03-28,10576232.0
2012-03-29,10465667.0
2012-03-30,10321104.0
2012-03-31,9449066.0
2012-04-01,9234815.0
2012-04-02,10770647.0
2012-04-03,10965242.0
2012-04-04,11196605.0
2012-04-05,11060586.0
2012-04-06,10015842.0
2012-04-07,9528896.0
2012-04-08,9062286.0
2012-04-09,9434981.0
2012-04-10,10306346.0
2012-04-11,10752038.0
2012-04-12,10761735.0
2012-04-13,10665915.0
2012-04-14,9570654.0
2012-04-15,9394649.0
2012-04-16,10916232.0
2012-04-17,10931052.0
2012-04-18,11162043.0
2012-04-19,11125140.0
2012-04-20,10565729.0
2012-04-21,9390621.0
2012-04-22,9499862.0
2012-04-23,10979842.0
2012-04-24,11085505.0
2012-04-25,11203254.0
2012-04-26,10898180.0
2012-04-27,10737045.0
2012-04-28,9724044.0
2012-04-29,9827187.0
2012-04-30,10664193.0
2012-05-01,10856702.0
2012-05-02,10854733.0
2012-05-03,11117530.0
2012-05-04,10880753.0
2012-05-05,9565342.0
2012-05-06,9391367.0
2012-05-07,9643909.0
2012-05-08,10554572.0
2012-05-09,10789489.0
2012-05-10,10518811.0
2012-05-11,10185041.0
2012-05-12,9145962.0
2012-05-13,8678004.0
2012-05-14,10159518.0
2012-05-15,10386506.0
2012-05-16,10561012.0
2012-05-17,10612962.0
2012-05-18,10304974.0
2012-05-19,9292929.0
2012-05-20,9011641.0
2012-05-21,10131833.0
2012-05-22,10044847.0
2012-05-23,10065406.0
2012-05-24,10118042.0
2012-05-25,9552438.0
2012-05-26,8357301.0
2012-05-27,8245414.0
2012-05-28,9896746.0
2012-05-29,10345744.0
2012-05-30,10026660.0
2012-05-31,9915043.0
2012-06-01,9781036.0
2012-06-02,8628477.0
2012-06-03,8395609.0
2012-06-04,8427127.0
2012-06-05,8743415.0
2012-06-06,9612755.0
2012-06-07,9816356.0
2012-06-08,9545510.0
2012-06-09,8321631.0
2012-06-10,8634455.0
2012-06-11,10093441.0
2012-06-12,10235149.0
2012-06-13,10129916.0
2012-06-14,9950840.0
2012-06-15,9713728.0
2012-06-16,8689169.0
2012-06-17,8572286.0
2012-06-18,9883705.0
2012-06-19,9881640.0
2012-06-20,9949198.0
2012-06-21,10049135.0
2012-06-22,9648261.0
2012-06-23,8454956.0
2012-06-24,8334336.0
2012-06-25,9724793.0
2012-06-26,9984717.0
2012-06-27,10061896.0
2012-06-28,9858874.0
2012-06-29,9456966.0
2012-06-30,8345765.0
2012-07-01,8096497.0
2012-07-02,9768549.0
2012-07-03,10029001.0
2012-07-04,10081111.0
2012-07-05,9960389.0
2012-07-06,9793483.0
2012-07-07,8672788.0
2012-07-08,8504867.0
2012-07-09,9848130.0
2012-07-10,10007901.0
2012-07-11,9790289.0
2012-07-12,9817578.0
2012-07-13,9660171.0
2012-07-14,8681811.0
2012-07-15,8217199.0
2012-07-16,9703240.0
2012-07-17,9767265.0
2012-07-18,9647228.0
2012-07-19,9676627.0
2012-07-20,9645398.0
2012-07-21,8432447.0
2012-07-22,7971293.0
2012-07-23,9351617.0
2012-07-24,9720635.0
2012-07-25,9844609.0
2012-07-26,9758283.0
2012-07-27,9441628.0
2012-07-28,8232981.0
2012-07-29,7978871.0
2012-07-30,9143017.0
2012-07-31,9524755.0
2012-08-01,9436776.0
2012-08-02,9396010.0
2012-08-03,9269524.0
2012-08-04,8414800.0
2012-08-05,8392122.0
2012-08-06,9517389.0
2012-08-07,9608740.0
2012-08-08,9684204.0
2012-08-09,9605255.0
2012-08-10,9436395.0
2012-08-11,8347118.0
2012-08-12,8248641.0
2012-08-13,9694878.0
2012-08-14,9793958.0
2012-08-15,9746216.0
2012-08-16,9249061.0
2012-08-17,9572638.0
2012-08-18,8683147.0
2012-08-19,8593848.0
2012-08-20,10090597.0
2012-08-21,10137255.0
2012-08-22,9519596.0
2012-08-23,9788618.0
2012-08-24,9521898.0
2012-08-25,8490806.0
2012-08-26,8085301.0
2012-08-27,8435027.0
2012-08-28,9482609.0
2012-08-29,9810766.0
2012-08-30,9724407.0
2012-08-31,9570213.0
2012-09-01,8501663.0
2012-09-02,8503689.0
2012-09-03,9680395.0
2012-09-04,9897613.0
2012-09-05,9785182.0
2012-09-06,9707764.0
2012-09-07,9507309.0
2012-09-08,8616847.0
2012-09-09,8252798.0
2012-09-10,9732138.0
2012-09-11,9807489.0
2012-09-12,9956473.0
2012-09-13,9836744.0
2012-09-14,9483064.0
2012-09-15,8557999.0
2012-09-16,8409693.0
2012-09-17,9701998.0
2012-09-18,9855663.0
2012-09-19,10061404.0
2012-09-20,10254974.0
2012-09-21,10145746.0
2012-09-22,9022922.0
2012-09-23,9006282.0
2012-09-24,10718540.0
2012-09-25,11252723.0
2012-09-26,10638718.0
2012-09-27,10877155.0
2012-09-28,10114117.0
2012-09-29,8950971.0
2012-09-30,8847693.0
2012-10-01,10227944.0
2012-10-02,10359930.0
2012-10-03,10376995.0
2012-10-04,10478835.0
2012-10-05,9974945.0
2012-10-06,9347242.0
2012-10-07,9198157.0
2012-10-08,10714277.0
2012-10-09,10899508.0
2012-10-10,10872819.0
2012-10-11,10828511.0
2012-10-12,10287471.0
2012-10-13,9496565.0
2012-10-14,9359750.0
2012-10-15,10829467.0
2012-10-16,10706724.0
2012-10-17,10686693.0
2012-10-18,10705872.0
2012-10-19,10801873.0
2012-10-20,9671866.0
2012-10-21,9489449.0
2012-10-22,10985094.0
2012-10-23,10516259.0
2012-10-24,10940755.0
2012-10-25,10959851.0
2012-10-26,10949196.0
2012-10-27,10090463.0
2012-10-28,10031519.0
2012-10-29,11322890.0
2012-10-30,11417887.0
2012-10-31,11283578.0
2012-11-01,11392624.0
2012-11-02,11183599.0
2012-11-03,10432969.0
2012-11-04,10473063.0
2012-11-05,11682142.0
2012-11-06,11900415.0
2012-11-07,11586528.0
2012-11-08,11741437.0
2012-11-09,11233187.0
2012-11-10,10309632.0
2012-11-11,10210115.0
2012-11-12,11630202.0
2012-11-13,11367117.0
2012-11-14,11432396.0
2012-11-15,11670256.0
2012-11-16,11558654.0
2012-11-17,10351935.0
2012-11-18,10296247.0
2012-11-19,11570627.0
2012-11-20,11548226.0
2012-11-21,11879978.0
2012-11-22,11541966.0
2012-11-23,11500622.0
2012-11-24,10484778.0
2012-11-25,10348160.0
2012-11-26,11871872.0
2012-11-27,11974238.0
2012-11-28,10957937.0
2012-11-29,12509315.0
2012-11-30,12684236.0
2012-12-01,11462600.0
2012-12-02,11411189.0
2012-12-03,12447330.0
2012-12-04,12568513.0
2012-12-05,12868248.0
2012-12-06,12597868.0
2012-12-07,12583013.0
2012-12-08,11427163.0
2012-12-09,10825906.0
2012-12-10,12641081.0
2012-12-11,13358103.0
2012-12-12,12517271.0
2012-12-13,12517271.0
2012-12-14,12836429.0
2012-12-15,11182636.0
2012-12-16,10942171.0
2012-12-17,12261212.0
2012-12-18,12419373.0
2012-12-19,12446680.0
2012-12-20,12200878.0
2012-12-21,11763767.0
2012-12-22,10716582.0
2012-12-23,9988277.0
2012-12-24,10565302.0
2012-12-25,9457206.0
2012-12-26,9305124.0
2012-12-27,10500403.0
2012-12-28,10436152.0
2012-12-29,9932233.0
2012-12-30,9762271.0
2012-12-31,10113883.0
2013-01-01,9523967.0
2013-01-02,11368340.0
2013-01-03,11455419.0
2013-01-04,11317414.0
2013-01-05,10332867.0
2013-01-06,10251091.0
2013-01-07,11716530.0
2013-01-08,11843930.0
2013-01-09,12007977.0
2013-01-10,12542716.0
2013-01-11,12376017.0
2013-01-12,11293996.0
2013-01-13,10956449.0
2013-01-14,13183953.0
2013-01-15,13506632.0
2013-01-16,13558571.0
2013-01-17,13506632.0
2013-01-18,13211839.0
2013-01-19,11993123.0
2013-01-20,11809791.0
2013-01-21,12653268.0
2013-01-22,13457952.0
2013-01-23,13463402.0
2013-01-24,13537820.0
2013-01-25,12335704.0
2013-01-26,11385589.0
2013-01-27,10632943.0
2013-01-28,12334859.0
2013-01-29,12033269.0
2013-01-30,11725877.0
2013-01-31,11804552.0
2013-02-01,11898117.0
2013-02-02,8038974.0
2013-02-03,10827658.0
2013-02-04,11744711.0
2013-02-05,12247440.0
2013-02-06,12343638.0
2013-02-07,12701399.0
2013-02-08,12428852.0
2013-02-09,11412117.0
2013-02-10,11045399.0
2013-02-11,12618543.0
2013-02-12,13002347.0
2013-02-13,13041427.0
2013-02-14,12365644.0
2013-02-15,12055858.0
2013-02-16,10899683.0
2013-02-17,10429251.0
2013-02-18,11938707.0
2013-02-19,12216037.0
2013-02-20,12412760.0
2013-02-21,12663414.0
2013-02-22,12863885.0
2013-02-23,11709051.0
2013-02-24,11424393.0
2013-02-25,12814889.0
2013-02-26,12978925.0
2013-02-27,12714383.0
2013-02-28,12524374.0
2013-03-01,12334739.0
2013-03-02,11082374.0
2013-03-03,10310320.0
2013-03-04,11993288.0
2013-03-05,11965153.0
2013-03-06,11923847.0
2013-03-07,11808475.0
2013-03-08,11686036.0
2013-03-09,10719446.0
2013-03-10,10543665.0
2013-03-11,12512606.0
2013-03-12,12827657.0
2013-03-13,12140091.0
2013-03-14,12526263.0
2013-03-15,12089434.0
2013-03-16,10919982.0
2013-03-17,10690013.0
2013-03-18,12064008.0
2013-03-19,12207842.0
2013-03-20,12394206.0
2013-03-21,12307022.0
2013-03-22,12200896.0
2013-03-23,11415253.0
2013-03-24,11168677.0
2013-03-25,12593288.0
2013-03-26,12388832.0
2013-03-27,12718961.0
2013-03-28,12391885.0
2013-03-29,11125506.0
2013-03-30,10692432.0
2013-03-31,10161790.0
2013-04-01,10428650.0
2013-04-02,11597379.0
2013-04-03,9625306.0
2013-04-04,11996907.0
2013-04-05,11615713.0
2013-04-06,10415606.0
2013-04-07,10057003.0
2013-04-08,11491078.0
2013-04-09,11644100.0
2013-04-10,11512436.0
2013-04-11,11520734.0
2013-04-12,11238856.0
2013-04-13,10023624.0
2013-04-14,9139883.0
2013-04-15,10336275.0
2013-04-16,10352571.0
2013-04-17,10520218.0
2013-04-18,10348473.0
2013-04-19,10488386.0
2013-04-20,9317214.0
2013-04-21,9302061.0
2013-04-22,10106722.0
2013-04-23,10429618.0
2013-04-24,10469293.0
2013-04-25,10457771.0
2013-04-26,10147705.0
2013-04-27,9251249.0
2013-04-28,9010179.0
2013-04-29,10117563.0
2013-04-30,10421389.0
2013-05-01,10367215.0
2013-05-02,10270654.0
2013-05-03,9874627.0
2013-05-04,8689774.0
2013-05-05,8382197.0
2013-05-06,8650388.0
2013-05-07,9792361.0
2013-05-08,9954959.0
2013-05-09,9798781.0
2013-05-10,9729394.0
2013-05-11,8827037.0
2013-05-12,8744328.0
2013-05-13,9675965.0
2013-05-14,10362321.0
2013-05-15,10458607.0
2013-05-16,10365412.0
2013-05-17,10153249.0
2013-05-18,9143174.0
2013-05-19,8746716.0
2013-05-20,10084689.0
2013-05-21,10620620.0
2013-05-22,9985136.0
2013-05-23,10078114.0
2013-05-24,10087803.0
2013-05-25,8801411.0
2013-05-26,8174569.0
2013-05-27,8391904.0
2013-05-28,9948636.0
2013-05-29,10030173.0
2013-05-30,9893483.0
2013-05-31,9492243.0
2013-06-01,8348294.0
2013-06-02,8150334.0
2013-06-03,9469755.0
2013-06-04,9059606.0
2013-06-05,9726459.0
2013-06-06,9547598.0
2013-06-07,9258686.0
2013-06-08,8276371.0
2013-06-09,8174321.0
2013-06-10,9594469.0
2013-06-11,9421693.0
2013-06-12,9782981.0
2013-06-13,9585439.0
2013-06-14,9401059.0
2013-06-15,8130545.0
2013-06-16,8251159.0
2013-06-17,9658004.0
2013-06-18,9639945.0
2013-06-19,9934861.0
2013-06-20,9999946.0
2013-06-21,9673820.0
2013-06-22,8174299.0
2013-06-23,7933151.0
2013-06-24,9551684.0
2013-06-25,9274166.0
2013-06-26,9711369.0
2013-06-27,9710109.0
2013-06-28,9544472.0
2013-06-29,8247724.0
2013-06-30,7717493.0
2013-07-01,9354138.0
2013-07-02,9611775.0
2013-07-03,9694475.0
2013-07-04,9537154.0
2013-07-05,9487488.0
2013-07-06,8388567.0
2013-07-07,8255602.0
2013-07-08,9654013.0
2013-07-09,9771390.0
2013-07-10,9359484.0
2013-07-11,9647564.0
2013-07-12,9581693.0
2013-07-13,5339739.0
2013-07-14,7840459.0
2013-07-15,9684111.0
2013-07-16,9895595.0
2013-07-17,10002772.0
2013-07-18,9996428.0
2013-07-19,9695181.0
2013-07-20,8535244.0
2013-07-21,8191186.0
2013-07-22,9705882.0
2013-07-23,10077027.0
2013-07-24,9759972.0
2013-07-25,9821556.0
2013-07-26,9542825.0
2013-07-27,8553951.0
2013-07-28,7970509.0
2013-07-29,9239064.0
2013-07-30,9435319.0
2013-07-31,9571108.0
2013-08-01,9641886.0
2013-08-02,9335120.0
2013-08-03,8066000.0
2013-08-04,7973417.0
2013-08-05,9456953.0
2013-08-06,9407338.0
2013-08-07,9421330.0
2013-08-08,9419075.0
2013-08-09,9176478.0
2013-08-10,8275475.0
2013-08-11,7901474.0
2013-08-12,9128660.0
2013-08-13,9416272.0
2013-08-14,9559981.0
2013-08-15,9589866.0
2013-08-16,9439386.0
2013-08-17,8152376.0
2013-08-18,7992857.0
2013-08-19,9397769.0
2013-08-20,9593012.0
2013-08-21,9644436.0
2013-08-22,9878051.0
2013-08-23,9654289.0
2013-08-24,8584895.0
2013-08-25,8133984.0
2013-08-26,8444276.0
2013-08-27,9557189.0
2013-08-28,9722454.0
2013-08-29,9622546.0
2013-08-30,9396377.0
2013-08-31,8211831.0
2013-09-01,7907013.0
2013-09-02,9368484.0
2013-09-03,9943488.0
2013-09-04,9916182.0
2013-09-05,9999447.0
2013-09-06,9791131.0
2013-09-07,8491789.0
2013-09-08,8449361.0
2013-09-09,9878211.0
2013-09-10,9672522.0
2013-09-11,10080151.0
2013-09-12,10034983.0
2013-09-13,9948616.0
2013-09-14,8821731.0
2013-09-15,8456764.0
2013-09-16,9660321.0
2013-09-17,9768639.0
2013-09-18,10018439.0
2013-09-19,10152126.0
2013-09-20,10030703.0
2013-09-21,8996176.0
2013-09-22,8745384.0
2013-09-23,10171139.0
2013-09-24,10216000.0
2013-09-25,10389333.0
2013-09-26,10091915.0
2013-09-27,9834578.0
2013-09-28,8704068.0
2013-09-29,8233210.0
2013-09-30,9676442.0
2013-10-01,9819932.0
2013-10-02,10184285.0
2013-10-03,10176695.0
2013-10-04,9970006.0
2013-10-05,8970077.0
2013-10-06,8580214.0
2013-10-07,10019965.0
2013-10-08,10126411.0
2013-10-09,9967061.0
2013-10-10,9957617.0
2013-10-11,10089202.0
2013-10-12,9240300.0
2013-10-13,9169069.0
2013-10-14,10688774.0
2013-10-15,10749036.0
2013-10-16,10738592.0
2013-10-17,10549648.0
2013-10-18,10420889.0
2013-10-19,9234839.0
2013-10-20,8849863.0
2013-10-21,10313509.0
2013-10-22,10290170.0
2013-10-23,9680623.0
2013-10-24,10574107.0
2013-10-25,9985894.0
2013-10-26,8920136.0
2013-10-27,8560443.0
2013-10-28,10021353.0
2013-10-29,10442370.0
2013-10-30,10720372.0
2013-10-31,11036190.0
2013-11-01,10693409.0
2013-11-02,9565526.0
2013-11-03,9366690.0
2013-11-04,11096900.0
2013-11-05,10889758.0
2013-11-06,11440611.0
2013-11-07,11123775.0
2013-11-08,11311607.0
2013-11-09,10364679.0
2013-11-10,10182595.0
2013-11-11,11400636.0
2013-11-12,11345931.0
2013-11-13,11422488.0
2013-11-14,11232563.0
2013-11-15,11558812.0
2013-11-16,10463495.0
2013-11-17,10285552.0
2013-11-18,11510940.0
2013-11-19,11806518.0
2013-11-20,11892754.0
2013-11-21,11846853.0
2013-11-22,11993033.0
2013-11-23,11071973.0
2013-11-24,10845724.0
2013-11-25,12211672.0
2013-11-26,11947300.0
2013-11-27,12160107.0
2013-11-28,12119148.0
2013-11-29,11575168.0
2013-11-30,10666554.0
2013-12-01,10401526.0
2013-12-02,12066466.0
2013-12-03,12344833.0
2013-12-04,12387159.0
2013-12-05,12330426.0
2013-12-06,12352562.0
2013-12-07,10847667.0
2013-12-08,10195273.0
2013-12-09,11996554.0
2013-12-10,12332218.0
2013-12-11,12434807.0
2013-12-12,12538483.0
2013-12-13,11894922.0
2013-12-14,10375719.0
2013-12-15,10134170.0
2013-12-16,11550741.0
2013-12-17,11963645.0
2013-12-18,11742264.0
2013-12-19,11804092.0
2013-12-20,11427305.0
2013-12-21,10069478.0
2013-12-22,10007001.0
2013-12-23,11023885.0
2013-12-24,10146898.0
2013-12-25,9347122.0
2013-12-26,9355062.0
2013-12-27,9900712.0
2013-12-28,10050021.0
2013-12-29,9899432.0
2013-12-30,10303936.0
2013-12-31,10202141.0
2014-01-01,9528263.0
2014-01-02,10723398.0
2014-01-03,10935766.0
2014-01-04,10660018.0
2014-01-05,10319437.0
2014-01-06,11303284.0
2014-01-07,11516530.0
2014-01-08,11765982.0
2014-01-09,11779110.0
2014-01-10,11823492.0
2014-01-11,10743289.0
2014-01-12,10748066.0
2014-01-13,11151662.0
2014-01-14,12232482.0
2014-01-15,11944736.0
2014-01-16,12020862.0
2014-01-17,11816550.0
2014-01-18,10651377.0
2014-01-19,10403296.0
2014-01-20,11748511.0
2014-01-21,12157176.0
2014-01-22,11993045.0
2014-01-23,11974478.0
2014-01-24,12037214.0
2014-01-25,10456634.0
2014-01-26,10478584.0
2014-01-27,11861626.0
2014-01-28,11320785.0
2014-01-29,12164457.0
2014-01-30,12464880.0
2014-01-31,12079697.0
2014-02-01,10485357.0
2014-02-02,10112346.0
2014-02-03,11620344.0
2014-02-04,11748332.0
2014-02-05,11794580.0
2014-02-06,11997818.0
2014-02-07,11699328.0
2014-02-08,10287693.0
2014-02-09,10126279.0
2014-02-10,11572086.0
2014-02-11,11927235.0
2014-02-12,12194826.0
2014-02-13,11860750.0
2014-02-14,12054093.0
2014-02-15,10444045.0
2014-02-16,10268308.0
2014-02-17,11863916.0
2014-02-18,11821515.0
2014-02-19,11731800.0
2014-02-20,11172746.0
2014-02-21,10951870.0
2014-02-22,9922039.0
2014-02-23,9640174.0
2014-02-24,11137649.0
2014-02-25,11187848.0
2014-02-26,11283640.0
2014-02-27,11373790.0
2014-02-28,11569265.0
2014-03-01,10471404.0
2014-03-02,10109881.0
2014-03-03,11558159.0
2014-03-04,11647349.0
2014-03-05,11561110.0
2014-03-06,11325058.0
2014-03-07,10827974.0
2014-03-08,9578121.0
2014-03-09,9385958.0
2014-03-10,10894119.0
2014-03-11,11214884.0
2014-03-12,11280095.0
2014-03-13,11477085.0
2014-03-14,10804480.0
2014-03-15,9355162.0
2014-03-16,8959752.0
2014-03-17,10448687.0
2014-03-18,10512466.0
2014-03-19,10420871.0
2014-03-20,10523942.0
2014-03-21,10426947.0
2014-03-22,9660761.0
2014-03-23,9616247.0
2014-03-24,10864990.0
2014-03-25,11328041.0
2014-03-26,10033008.0
2014-03-27,11382581.0
2014-03-28,11114498.0
2014-03-29,9514225.0
2014-03-30,9117051.0
2014-03-31,10555388.0
2014-04-01,10495354.0
2014-04-02,10478387.0
2014-04-03,10642814.0
2014-04-04,10455271.0
2014-04-05,9223409.0
2014-04-06,8742818.0
2014-04-07,10395327.0
2014-04-08,10120136.0
2014-04-09,10237039.0
2014-04-10,10562603.0
2014-04-11,9996234.0
2014-04-12,8844255.0
2014-04-13,8387709.0
2014-04-14,9749720.0
2014-04-15,9928098.0
2014-04-16,9751571.0
2014-04-17,9718900.0
2014-04-18,8879869.0
2014-04-19,8586919.0
2014-04-20,8443385.0
2014-04-21,8501966.0
2014-04-22,9994227.0
2014-04-23,10044579.0
2014-04-24,10048804.0
2014-04-25,10197863.0
2014-04-26,8751631.0
2014-04-27,8773811.0
2014-04-28,10171633.0
2014-04-29,10188557.0
2014-04-30,10073700.0
2014-05-01,10269595.0
2014-05-02,9961804.0
2014-05-03,8840726.0
2014-05-04,8325132.0
2014-05-05,8489343.0
2014-05-06,9533642.0
2014-05-07,9615206.0
2014-05-08,10130708.0
2014-05-09,9418875.0
2014-05-10,8539317.0
2014-05-11,8356461.0
2014-05-12,9816093.0
2014-05-13,9943316.0
2014-05-14,9650366.0
2014-05-15,9675951.0
2014-05-16,9354218.0
2014-05-17,8184312.0
2014-05-18,7829829.0
2014-05-19,9404329.0
2014-05-20,9668169.0
2014-05-21,9486650.0
2014-05-22,9687692.0
2014-05-23,9368525.0
2014-05-24,8543176.0
2014-05-25,8039613.0
2014-05-26,8486919.0
2014-05-27,9556122.0
2014-05-28,9761364.0
2014-05-29,9717491.0
2014-05-30,9510355.0
2014-05-31,8569887.0
2014-06-01,8014489.0
2014-06-02,9496488.0
2014-06-03,9676463.0
2014-06-04,9745833.0
2014-06-05,9381761.0
2014-06-06,9120756.0
2014-06-07,8276316.0
2014-06-08,7832211.0
2014-06-09,9441519.0
2014-06-10,9359089.0
2014-06-11,9427260.0
2014-06-12,9491054.0
2014-06-13,9400599.0
2014-06-14,8386440.0
2014-06-15,8067848.0
2014-06-16,9291485.0
2014-06-17,8986053.0
2014-06-18,9503189.0
2014-06-19,9372955.0
2014-06-20,9108168.0
2014-06-21,8036797.0
2014-06-22,7900259.0
2014-06-23,9322943.0
2014-06-24,8782617.0
2014-06-25,9359513.0
2014-06-26,9402274.0
2014-06-27,9327066.0
2014-06-28,8326239.0
2014-06-29,7838436.0
2014-06-30,9260959.0
2014-07-01,9426809.0
2014-07-02,9188246.0
2014-07-03,9241027.0
2014-07-04,9096773.0
2014-07-05,8210686.0
2014-07-06,7898585.0
2014-07-07,9255690.0
2014-07-08,9547061.0
2014-07-09,9072839.0
2014-07-10,9308977.0
2014-07-11,9281132.0
2014-07-12,8280199.0
2014-07-13,7857158.0
2014-07-14,9019913.0
2014-07-15,9329039.0
2014-07-16,9390462.0
2014-07-17,9498153.0
2014-07-18,9170550.0
2014-07-19,8569085.0
2014-07-20,8175615.0
2014-07-21,9402158.0
2014-07-22,9514858.0
2014-07-23,9406950.0
2014-07-24,9259450.0
2014-07-25,8107303.0
2014-07-26,8288533.0
2014-07-27,7845654.0
2014-07-28,9145269.0
2014-07-29,9046095.0
2014-07-30,8998039.0
2014-07-31,9185361.0
2014-08-01,9137918.0
2014-08-02,8053485.0
2014-08-03,7455619.0
2014-08-04,8865284.0
2014-08-05,9132209.0
2014-08-06,9185961.0
2014-08-07,9171046.0
2014-08-08,9136606.0
2014-08-09,7818876.0
2014-08-10,7722290.0
2014-08-11,8387665.0
2014-08-12,8719236.0
2014-08-13,8941154.0
2014-08-14,9362469.0
2014-08-15,9064360.0
2014-08-16,7733161.0
2014-08-17,7283770.0
2014-08-18,8915026.0
2014-08-19,9190120.0
2014-08-20,9310002.0
2014-08-21,9199203.0
2014-08-22,9052327.0
2014-08-23,8044650.0
2014-08-24,7838256.0
2014-08-25,8308981.0
2014-08-26,9111651.0
2014-08-27,9199407.0
2014-08-28,9200776.0
2014-08-29,8955338.0
2014-08-30,8079028.0
2014-08-31,7960782.0
2014-09-01,9619077.0
2014-09-02,9707583.0
2014-09-03,10212899.0
2014-09-04,9778176.0
2014-09-05,9633965.0
2014-09-06,8618514.0
2014-09-07,8128236.0
2014-09-08,9439580.0
2014-09-09,9555485.0
2014-09-10,9560107.0
2014-09-11,9600055.0
2014-09-12,9415710.0
2014-09-13,8417505.0
2014-09-14,8082447.0
2014-09-15,9652807.0
2014-09-16,9762826.0
2014-09-17,9792698.0
2014-09-18,9818855.0
2014-09-19,9868227.0
2014-09-20,8755259.0
2014-09-21,8246235.0
2014-09-22,9593472.0
2014-09-23,9818697.0
2014-09-24,9689371.0
2014-09-25,9628480.0
2014-09-26,9440107.0
2014-09-27,8631082.0
2014-09-28,8479462.0
2014-09-29,9917287.0
2014-09-30,9633756.0
2014-10-01,9769531.0
2014-10-02,9757970.0
2014-10-03,9384908.0
2014-10-04,8595249.0
2014-10-05,8226453.0
2014-10-06,9969469.0
2014-10-07,10149141.0
2014-10-08,10223089.0
2014-10-09,10065076.0
2014-10-10,9838662.0
2014-10-11,8272638.0
2014-10-12,9026382.0
2014-10-13,10239231.0
2014-10-14,10529326.0
2014-10-15,10539605.0
2014-10-16,10365609.0
2014-10-17,9926024.0
2014-10-18,8503781.0
2014-10-19,8131500.0
2014-10-20,9851594.0
2014-10-21,9734926.0
2014-10-22,10318441.0
2014-10-23,10357878.0
2014-10-24,10209569.0
2014-10-25,8783417.0
2014-10-26,8449365.0
2014-10-27,9815929.0
2014-10-28,10005405.0
2014-10-29,10563020.0
2014-10-30,10345362.0
2014-10-31,9646134.0
2014-11-01,8459296.0
2014-11-02,8532695.0
2014-11-03,10347716.0
2014-11-04,10877961.0
2014-11-05,10881569.0
2014-11-06,10864293.0
2014-11-07,10486113.0
2014-11-08,9623670.0
2014-11-09,9637610.0
2014-11-10,10952311.0
2014-11-11,10446980.0
2014-11-12,10676577.0
2014-11-13,10678307.0
2014-11-14,10628101.0
2014-11-15,9953953.0
2014-11-16,9767567.0
2014-11-17,10981961.0
2014-11-18,11347101.0
2014-11-19,9414480.0
2014-11-20,11398014.0
2014-11-21,11108000.0
2014-11-22,10061445.0
2014-11-23,10030583.0
2014-11-24,9953055.0
2014-11-25,12010445.0
2014-11-26,11909695.0
2014-11-27,11690615.0
2014-11-28,11099839.0
2014-11-29,10064402.0
2014-11-30,9836192.0
2014-12-01,11509027.0
2014-12-02,11262202.0
2014-12-03,11869206.0
2014-12-04,12041063.0
2014-12-05,11743236.0
2014-12-06,10692671.0
2014-12-07,9988064.0
2014-12-08,10336451.0
2014-12-09,12004938.0
2014-12-10,11458246.0
2014-12-11,11676228.0
2014-12-12,11768360.0
2014-12-13,10919050.0
2014-12-14,10348429.0
2014-12-15,11743107.0
2014-12-16,11006669.0
2014-12-17,11294727.0
2014-12-18,10875686.0
2014-12-19,10633977.0
2014-12-20,9915126.0
2014-12-21,9516008.0
2014-12-22,10292738.0
2014-12-23,10307102.0
2014-12-24,9502312.0
2014-12-25,8944560.0
2014-12-26,9362670.0
2014-12-27,9782461.0
2014-12-28,9983357.0
2014-12-29,10886459.0
2014-12-30,10829008.0
2014-12-31,10209873.0
2015-01-01,8861582.0
2015-01-02,9653067.0
2015-01-03,10208687.0
2015-01-04,10396470.0
2015-01-05,11547606.0
2015-01-06,11490558.0
2015-01-07,11381392.0
2015-01-08,11271601.0
2015-01-09,10828011.0
2015-01-10,9671592.0
2015-01-11,9669091.0
2015-01-12,11587929.0
2015-01-13,11399863.0
2015-01-14,11580043.0
2015-01-15,11319607.0
2015-01-16,11637647.0
2015-01-17,10879162.0
2015-01-18,10748515.0
2015-01-19,12363014.0
2015-01-20,12618473.0
2015-01-21,12652601.0
2015-01-22,12595748.0
2015-01-23,12092819.0
2015-01-24,10575601.0
2015-01-25,10401246.0
2015-01-26,11479362.0
2015-01-27,11818477.0
2015-01-28,11362442.0
2015-01-29,11906046.0
2015-01-30,11874478.0
2015-01-31,10643733.0
2015-02-01,10420176.0
2015-02-02,12400737.0
2015-02-03,12492490.0
2015-02-04,12308393.0
2015-02-05,12439397.0
2015-02-06,12074677.0
2015-02-07,11111570.0
2015-02-08,10468475.0
2015-02-09,11883865.0
2015-02-10,12262922.0
2015-02-11,12292158.0
2015-02-12,12198877.0
2015-02-13,11589411.0
2015-02-14,10530287.0
2015-02-15,10072937.0
2015-02-16,11523245.0
2015-02-17,11321445.0
2015-02-18,11065237.0
2015-02-19,11243412.0
2015-02-20,11344794.0
2015-02-21,10161960.0
2015-02-22,10174803.0
2015-02-23,11019782.0
2015-02-24,11164731.0
2015-02-25,11524876.0
2015-02-26,11035467.0
2015-02-27,10936123.0
2015-02-28,9631382.0
2015-03-01,9119679.0
2015-03-02,10820124.0
2015-03-03,11017206.0
2015-03-04,11063562.0
2015-03-05,11220116.0
2015-03-06,10375423.0
2015-03-07,8961765.0
2015-03-08,9308270.0
2015-03-09,10983883.0
2015-03-10,10803706.0
2015-03-11,10855430.0
2015-03-12,10669641.0
2015-03-13,10967055.0
2015-03-14,10021683.0
2015-03-15,9933263.0
2015-03-16,11596553.0
2015-03-17,11818301.0
2015-03-18,11304331.0
2015-03-19,11357654.0
2015-03-20,10750937.0
2015-03-21,9580243.0
2015-03-22,9408390.0
2015-03-23,10740241.0
2015-03-24,10962410.0
2015-03-25,11031589.0
2015-03-26,10442437.0
2015-03-27,10528045.0
2015-03-28,8989068.0
2015-03-29,8829738.0
2015-03-30,10092301.0
2015-03-31,9911249.0
2015-04-01,10207673.0
2015-04-02,10457100.0
2015-04-03,9595992.0
2015-04-04,9131680.0
2015-04-05,8652779.0
2015-04-06,8635878.0
2015-04-07,9635883.0
2015-04-08,9696172.0
2015-04-09,9575777.0
2015-04-10,9189298.0
2015-04-11,7892265.0
2015-04-12,8147177.0
2015-04-13,9758253.0
2015-04-14,9324043.0
2015-04-15,9476487.0
2015-04-16,9617283.0
2015-04-17,9419819.0
2015-04-18,8132434.0
2015-04-19,8436114.0
2015-04-20,9597749.0
2015-04-21,9439436.0
2015-04-22,9471595.0
2015-04-23,9562963.0
2015-04-24,9356030.0
2015-04-25,8230860.0
2015-04-26,8251497.0
2015-04-27,9478425.0
2015-04-28,9255156.0
2015-04-29,9418599.0
2015-04-30,9555273.0
2015-05-01,9506491.0
2015-05-02,8452580.0
2015-05-03,7971081.0
2015-05-04,8078915.0
2015-05-05,9045315.0
2015-05-06,9262752.0
2015-05-07,9636541.0
2015-05-08,9643820.0
2015-05-09,8248192.0
2015-05-10,7793467.0
2015-05-11,8657416.0
2015-05-12,8768031.0
2015-05-13,9249108.0
2015-05-14,9707847.0
2015-05-15,9143733.0
2015-05-16,7513338.0
2015-05-17,7567725.0
2015-05-18,9126361.0
2015-05-19,9115573.0
2015-05-20,9266020.0
2015-05-21,9061747.0
2015-05-22,9065100.0
2015-05-23,8027363.0
2015-05-24,7550250.0
2015-05-25,8019594.0
2015-05-26,8813131.0
2015-05-27,8765641.0
2015-05-28,8459565.0
2015-05-29,8787947.0
2015-05-30,7764983.0
2015-05-31,7524897.0
2015-06-01,8650051.0
2015-06-02,8802199.0
2015-06-03,8981305.0
2015-06-04,8969113.0
2015-06-05,8661290.0
2015-06-06,7008637.0
2015-06-07,7229507.0
2015-06-08,8845107.0
2015-06-09,9047243.0
2015-06-10,8920867.0
2015-06-11,8796293.0
2015-06-12,9026389.0
2015-06-13,8198833.0
2015-06-14,7884731.0
2015-06-15,9005395.0
2015-06-16,9084313.0
2015-06-17,8886787.0
2015-06-18,8652368.0
2015-06-19,8681571.0
2015-06-20,8058850.0
2015-06-21,7215347.0
2015-06-22,8825333.0
2015-06-23,8949797.0
2015-06-24,8995996.0
2015-06-25,9117983.0
2015-06-26,8921496.0
2015-06-27,7602087.0
2015-06-28,7458022.0
2015-06-29,8870333.0
2015-06-30,8929087.0
2015-07-01,9354541.0
2015-07-02,9346802.0
2015-07-03,8643846.0
2015-07-04,7555089.0
2015-07-05,7598264.0
2015-07-06,8666120.0
2015-07-07,8484874.0
2015-07-08,8688208.0
2015-07-09,8860064.0
2015-07-10,8585520.0
2015-07-11,7428412.0
2015-07-12,7450966.0
2015-07-13,9173471.0
2015-07-14,9343046.0
2015-07-15,9016120.0
2015-07-16,8841722.0
2015-07-17,8219158.0
2015-07-18,7110387.0
2015-07-19,7136640.0
2015-07-20,8720807.0
2015-07-21,8513459.0
2015-07-22,6296245.0
2015-07-23,5896235.0
2015-07-24,9055524.0
2015-07-25,7355718.0
2015-07-26,7550771.0
2015-07-27,8441370.0
2015-07-28,8499017.0
2015-07-29,8538768.0
2015-07-30,8558066.0
2015-07-31,8236990.0
2015-08-01,7351074.0
2015-08-02,7112672.0
2015-08-03,8143269.0
2015-08-04,8025569.0
2015-08-05,8608634.0
2015-08-06,8600939.0
2015-08-07,8636705.0
2015-08-08,7406085.0
2015-08-09,7312235.0
2015-08-10,8670334.0
2015-08-11,9009365.0
2015-08-12,8888098.0
2015-08-13,9178555.0
2015-08-14,9104863.0
2015-08-15,7594568.0
2015-08-16,7640484.0
2015-08-17,8819322.0
2015-08-18,8918917.0
2015-08-19,8984802.0
2015-08-20,9057083.0
2015-08-21,8759990.0
2015-08-22,7910282.0
2015-08-23,7424434.0
2015-08-24,9092414.0
2015-08-25,8814293.0
2015-08-26,8621936.0
2015-08-27,8545442.0
2015-08-28,8273324.0
2015-08-29,7663563.0
2015-08-30,7706444.0
2015-08-31,8217319.0
2015-09-01,8974239.0
2015-09-02,9047478.0
2015-09-03,9071741.0
2015-09-04,8887045.0
2015-09-05,7890388.0
2015-09-06,7625488.0
2015-09-07,9201836.0
2015-09-08,9387911.0
2015-09-09,9256574.0
2015-09-10,8815402.0
2015-09-11,8555805.0
2015-09-12,7673212.0
2015-09-13,7911628.0
2015-09-14,9291869.0
2015-09-15,9471007.0
2015-09-16,9631210.0
2015-09-17,9421203.0
2015-09-18,9343455.0
2015-09-19,8278019.0
2015-09-20,8130861.0
2015-09-21,9428871.0
2015-09-22,9447327.0
2015-09-23,9218842.0
2015-09-24,8865332.0
2015-09-25,9090216.0
2015-09-26,8268296.0
2015-09-27,7999907.0
2015-09-28,9145968.0
2015-09-29,9255811.0
2015-09-30,9232986.0
2015-10-01,9463583.0
2015-10-02,9376976.0
2015-10-03,8712837.0
2015-10-04,8301335.0
2015-10-05,9553533.0
2015-10-06,9809779.0
2015-10-07,9717951.0
2015-10-08,9858430.0
2015-10-09,9665479.0
2015-10-10,8753172.0
2015-10-11,8392764.0
2015-10-12,9688588.0
2015-10-13,10027553.0
2015-10-14,10173452.0
2015-10-15,10436613.0
2015-10-16,10233431.0
2015-10-17,8986595.0
2015-10-18,9049314.0
2015-10-19,10359808.0
2015-10-20,10221748.0
2015-10-21,10002156.0
2015-10-22,9732354.0
2015-10-23,10054224.0
2015-10-24,8842653.0
2015-10-25,8843386.0
2015-10-26,9931612.0
2015-10-27,10281440.0
2015-10-28,10386330.0
2015-10-29,10201031.0
2015-10-30,10038970.0
2015-10-31,8964815.0
2015-11-01,9100519.0
2015-11-02,10439437.0
2015-11-03,10840496.0
2015-11-04,10950233.0
2015-11-05,10181285.0
2015-11-06,10029351.0
2015-11-07,8901628.0
2015-11-08,8644367.0
2015-11-09,9650748.0
2015-11-10,9593537.0
2015-11-11,9842601.0
2015-11-12,9769538.0
2015-11-13,9590439.0
2015-11-14,9195200.0
2015-11-15,8494566.0
2015-11-16,9779486.0
2015-11-17,10170155.0
2015-11-18,8960401.0
2015-11-19,10345205.0
2015-11-20,10299868.0
2015-11-21,9672136.0
2015-11-22,10170261.0
2015-11-23,11479702.0
2015-11-24,11233037.0
2015-11-25,11026042.0
2015-11-26,11182400.0
2015-11-27,10461084.0
2015-11-28,9402690.0
2015-11-29,9186708.0
2015-11-30,11017166.0
2015-12-01,10774647.0
2015-12-02,10613335.0
2015-12-03,10823226.0
2015-12-04,10129910.0
2015-12-05,9217974.0
2015-12-06,9112150.0
2015-12-07,10357503.0
2015-12-08,10191880.0
2015-12-09,10553595.0
2015-12-10,10674837.0
2015-12-11,10590791.0
2015-12-12,10081282.0
2015-12-13,10207973.0
2015-12-14,11335240.0
2015-12-15,11030606.0
2015-12-16,10434300.0
2015-12-17,10176808.0
2015-12-18,9977740.0
2015-12-19,8651243.0
2015-12-20,8441114.0
2015-12-21,9930343.0
2015-12-22,9685018.0
2015-12-23,9306026.0
2015-12-24,8704114.0
2015-12-25,8203701.0
2015-12-26,7615290.0
2015-12-27,8408093.0
2015-12-28,8255708.0
2015-12-29,8524518.0
2015-12-30,8871592.0
2015-12-31,8784701.0
2016-01-01,8568127.0
2016-01-02,8796701.0
2016-01-03,9047387.0
2016-01-04,10638340.0
2016-01-05,10936545.0
2016-01-06,11025949.0
2016-01-07,10532684.0
2016-01-08,11038866.0
2016-01-09,9891337.0
2016-01-10,9437738.0
2016-01-11,11338589.0
2016-01-12,11142948.0
2016-01-13,11520112.0
2016-01-14,11213503.0
2016-01-15,11321725.0
2016-01-16,11008564.0
2016-01-17,10742431.0
2016-01-18,12013657.0
2016-01-19,12390125.0
2016-01-20,10695494.0
2016-01-21,7139869.0
2016-01-22,10885462.0
2016-01-23,9688907.0
2016-01-24,9198874.0
2016-01-25,10133231.0
2016-01-26,10417499.0
2016-01-27,10396975.0
2016-01-28,9786992.0
2016-01-29,9737738.0
2016-01-30,9057266.0
2016-01-31,9541277.0
2016-02-01,10047473.0
2016-02-02,10362144.0
2016-02-03,10903305.0
2016-02-04,10737912.0
2016-02-05,10269068.0
2016-02-06,9478061.0
2016-02-07,8867227.0
2016-02-08,10554702.0
2016-02-09,10787363.0
2016-02-10,10983366.0
2016-02-11,11255713.0
2016-02-12,11155806.0
2016-02-13,10114065.0
2016-02-14,9529344.0
2016-02-15,11202000.0
2016-02-16,11052281.0
2016-02-17,11527526.0
2016-02-18,11183707.0
2016-02-19,10590713.0
2016-02-20,9206166.0
2016-02-21,8768809.0
2016-02-22,10512399.0
2016-02-23,11005044.0
2016-02-24,11386384.0
2016-02-25,11512891.0
2016-02-26,11364567.0
2016-02-27,10188008.0
2016-02-28,9907261.0
2016-02-29,11011579.0
2016-03-01,10442521.0
2016-03-02,10682604.0
2016-03-03,10990189.0
2016-03-04,10658290.0
2016-03-05,9827555.0
2016-03-06,9859908.0
2016-03-07,11114827.0
2016-03-08,11540916.0
2016-03-09,11261262.0
2016-03-10,11466842.0
2016-03-11,10849984.0
2016-03-12,9601764.0
2016-03-13,9099083.0
2016-03-14,10200286.0
2016-03-15,10826493.0
2016-03-16,10569818.0
2016-03-17,10754483.0
2016-03-18,10995258.0
2016-03-19,9795158.0
2016-03-20,9427390.0
2016-03-21,10397732.0
2016-03-22,10674236.0
2016-03-23,10761001.0
2016-03-24,10242059.0
2016-03-25,8317011.0
2016-03-26,8106743.0
2016-03-27,7606842.0
2016-03-28,8306444.0
2016-03-29,9847584.0
2016-03-30,10004519.0
2016-03-31,9929022.0
2016-04-01,9402616.0
2016-04-02,8611939.0
2016-04-03,8510266.0
2016-04-04,9867500.0
2016-04-05,9474478.0
2016-04-06,9041792.0
2016-04-07,9706905.0
2016-04-08,9765467.0
2016-04-09,8757642.0
2016-04-10,8105875.0
2016-04-11,9507820.0
2016-04-12,9871482.0
2016-04-13,9675664.0
2016-04-14,9765483.0
2016-04-15,9942990.0
2016-04-16,8661918.0
2016-04-17,8235510.0
2016-04-18,9448980.0
2016-04-19,9575372.0
2016-04-20,9242778.0
2016-04-21,9311111.0
2016-04-22,9562766.0
2016-04-23,8246108.0
2016-04-24,8206448.0
2016-04-25,9317263.0
2016-04-26,9310785.0
2016-04-27,9946279.0
2016-04-28,9810771.0
2016-04-29,9090460.0
2016-04-30,8401324.0
2016-05-01,7796643.0
2016-05-02,7822156.0
2016-05-03,8937669.0
2016-05-04,8759250.0
2016-05-05,8754073.0
2016-05-06,8868570.0
2016-05-07,7599479.0
2016-05-08,7075689.0
2016-05-09,8390184.0
2016-05-10,9170391.0
2016-05-11,9080152.0
2016-05-12,8345797.0
2016-05-13,8231189.0
2016-05-14,7464205.0
2016-05-15,7410800.0
2016-05-16,8705117.0
2016-05-17,8659652.0
2016-05-18,8944538.0
2016-05-19,8696960.0
2016-05-20,8295548.0
2016-05-21,7485056.0
2016-05-22,7501928.0
2016-05-23,8616304.0
2016-05-24,8348674.0
2016-05-25,8990400.0
2016-05-26,8972200.0
2016-05-27,8666326.0
2016-05-28,7486743.0
2016-05-29,6936129.0
2016-05-30,7222238.0
2016-05-31,8168523.0
2016-06-01,8583061.0
2016-06-02,8397929.0
2016-06-03,8634018.0
2016-06-04,7717498.0
2016-06-05,7160540.0
2016-06-06,8470759.0
2016-06-07,8878722.0
2016-06-08,8866060.0
2016-06-09,8740428.0
2016-06-10,8906823.0
2016-06-11,7913319.0
2016-06-12,7703658.0
2016-06-13,8983545.0
2016-06-14,8897324.0
2016-06-15,8878809.0
2016-06-16,8844563.0
2016-06-17,8634940.0
2016-06-18,7704360.0
2016-06-19,7275046.0
2016-06-20,8469996.0
2016-06-21,8539873.0
2016-06-22,8847737.0
2016-06-23,8990286.0
2016-06-24,8158389.0
2016-06-25,7480561.0
2016-06-26,7271373.0
2016-06-27,8076737.0
2016-06-28,8802938.0
2016-06-29,8647538.0
2016-06-30,8437540.0
2016-07-01,7946340.0
2016-07-02,6686941.0
2016-07-03,6946564.0
2016-07-04,8522400.0
2016-07-05,8250586.0
2016-07-06,8430696.0
2016-07-07,8459320.0
2016-07-08,7981891.0
2016-07-09,7241057.0
2016-07-10,6901606.0
2016-07-11,8009093.0
2016-07-12,8629980.0
2016-07-13,8407104.0
2016-07-14,8375967.0
2016-07-15,8306774.0
2016-07-16,7202561.0
2016-07-17,7035161.0
2016-07-18,8488757.0
2016-07-19,8940268.0
2016-07-20,8777646.0
2016-07-21,8731983.0
2016-07-22,8583186.0
2016-07-23,7495245.0
2016-07-24,7358222.0
2016-07-25,8073402.0
2016-07-26,8414921.0
2016-07-27,8261286.0
2016-07-28,8488037.0
2016-07-29,8305853.0
2016-07-30,7225106.0
2016-07-31,6862373.0
2016-08-01,8445526.0
2016-08-02,8601866.0
2016-08-03,7614969.0
2016-08-04,7879869.0
2016-08-05,8079596.0
2016-08-06,6875723.0
2016-08-07,6082541.0
2016-08-08,7491833.0
2016-08-09,7962409.0
2016-08-10,8338114.0
2016-08-11,7935104.0
2016-08-12,7440558.0
2016-08-13,7002307.0
2016-08-14,7395999.0
2016-08-15,8164664.0
2016-08-16,8198347.0
2016-08-17,8351290.0
2016-08-18,8561773.0
2016-08-19,8297250.0
2016-08-20,6703625.0
2016-08-21,6791299.0
2016-08-22,8379154.0
2016-08-23,8630117.0
2016-08-24,8850811.0
2016-08-25,9277248.0
2016-08-26,8205980.0
2016-08-27,7590879.0
2016-08-28,7317139.0
2016-08-29,7483423.0
2016-08-30,8190238.0
2016-08-31,8423644.0
2016-09-01,8441109.0
2016-09-02,8478913.0
2016-09-03,7534095.0
2016-09-04,7306912.0
2016-09-05,8871915.0
2016-09-06,9149384.0
2016-09-07,9162817.0
2016-09-08,8405997.0
2016-09-09,8413439.0
2016-09-10,7825058.0
2016-09-11,6904827.0
2016-09-12,8438940.0
2016-09-13,6230857.0
2016-09-14,8438940.0
2016-09-15,9149108.0
2016-09-16,8581374.0
2016-09-17,7701277.0
2016-09-18,7619533.0
2016-09-19,9124114.0
2016-09-20,9219779.0
2016-09-21,9122363.0
2016-09-22,8861619.0
2016-09-23,8331871.0
2016-09-24,7162055.0
2016-09-25,7198299.0
2016-09-26,8125778.0
2016-09-27,8801353.0
2016-09-28,8413696.0
2016-09-29,8059639.0
2016-09-30,8175695.0
2016-10-01,8177089.0
2016-10-02,7835053.0
2016-10-03,8920268.0
2016-10-04,8923504.0
2016-10-05,8708112.0
2016-10-06,9339064.0
2016-10-07,9695472.0
2016-10-08,8657622.0
2016-10-09,8374469.0
2016-10-10,9614889.0
2016-10-11,9777319.0
2016-10-12,9781487.0
2016-10-13,9872609.0
2016-10-14,9734562.0
2016-10-15,8665885.0
2016-10-16,8189436.0
2016-10-17,9454845.0
2016-10-18,10008260.0
2016-10-19,9936154.0
2016-10-20,10095769.0
2016-10-21,9993640.0
2016-10-22,9033857.0
2016-10-23,8462475.0
2016-10-24,10395557.0
2016-10-25,10404043.0
2016-10-26,10192639.0
2016-10-27,9957492.0
2016-10-28,9976380.0
2016-10-29,9058985.0
2016-10-30,8810351.0
2016-10-31,9762964.0
2016-11-01,10282753.0
2016-11-02,10604001.0
2016-11-03,10855157.0
2016-11-04,10606993.0
2016-11-05,8980186.0
2016-11-06,9111503.0
2016-11-07,10980391.0
2016-11-08,11527286.0
2016-11-09,11458893.0
2016-11-10,11161656.0
2016-11-11,10842087.0
2016-11-12,9929215.0
2016-11-13,9577007.0
2016-11-14,10877937.0
2016-11-15,10737684.0
2016-11-16,10318091.0
2016-11-17,10716708.0
2016-11-18,11031780.0
2016-11-19,10194783.0
2016-11-20,10008383.0
2016-11-21,11141245.0
2016-11-22,11018573.0
2016-11-23,11401171.0
2016-11-24,11153647.0
2016-11-25,10993161.0
2016-11-26,10272250.0
2016-11-27,9930632.0
2016-11-28,11208847.0
2016-11-29,11982720.0
2016-11-30,11925924.0
2016-12-01,11829597.0
2016-12-02,11828785.0
2016-12-03,10510724.0
2016-12-04,10041190.0
2016-12-05,12023639.0
2016-12-06,12021497.0
2016-12-07,10860475.0
2016-12-08,11031829.0
2016-12-09,10090417.0
2016-12-10,9761466.0
2016-12-11,9584793.0
2016-12-12,11618156.0
2016-12-13,11477694.0
2016-12-14,11106533.0
2016-12-15,11308527.0
2016-12-16,11192774.0
2016-12-17,10065198.0
2016-12-18,9827005.0
2016-12-19,11610389.0
2016-12-20,11114145.0
2016-12-21,10958264.0
2016-12-22,10654299.0
2016-12-23,9897054.0
2016-12-24,8806046.0
2016-12-25,7594993.0
2016-12-26,8119811.0
2016-12-27,9553832.0
2016-12-28,10232895.0
2016-12-29,9842777.0
2016-12-30,10132594.0
2016-12-31,9242659.0
2017-01-01,8901122.0
2017-01-02,9838467.0
2017-01-03,10824940.0
2017-01-04,11580313.0
2017-01-05,11702960.0
2017-01-06,11846140.0
2017-01-07,10711433.0
2017-01-08,10134672.0
2017-01-09,10996345.0
2017-01-10,11282302.0
2017-01-11,10806164.0
2017-01-12,11676732.0
2017-01-13,11363133.0
2017-01-14,10754903.0
2017-01-15,10458000.0
2017-01-16,11891562.0
2017-01-17,12045106.0
2017-01-18,12061958.0
2017-01-19,12433319.0
2017-01-20,12751802.0
2017-01-21,9317151.0
2017-01-22,10961950.0
2017-01-23,12188764.0
2017-01-24,11899674.0
2017-01-25,11900800.0
2017-01-26,12287102.0
2017-01-27,12271487.0
2017-01-28,10533367.0
2017-01-29,10532735.0
2017-01-30,11522586.0
2017-01-31,11757587.0
2017-02-01,11201972.0
2017-02-02,10415334.0
2017-02-03,10441831.0
2017-02-04,9864742.0
2017-02-05,10240602.0
2017-02-06,11562927.0
2017-02-07,11417847.0
2017-02-08,11902941.0
2017-02-09,12180016.0
2017-02-10,12093863.0
2017-02-11,10803299.0
2017-02-12,10107232.0
2017-02-13,10662604.0
2017-02-14,11284853.0
2017-02-15,11125569.0
2017-02-16,10651073.0
2017-02-17,10664061.0
2017-02-18,9310878.0
2017-02-19,9113476.0
2017-02-20,10001539.0
2017-02-21,10068287.0
2017-02-22,10020851.0
2017-02-23,10203421.0
2017-02-24,10361124.0
2017-02-25,9237684.0
2017-02-26,8824136.0
2017-02-27,10617166.0
2017-02-28,10847993.0
2017-03-01,10962169.0
2017-03-02,10236908.0
2017-03-03,10900178.0
2017-03-04,9334675.0
2017-03-05,9274928.0
2017-03-06,10572511.0
2017-03-07,10548887.0
2017-03-08,10223405.0
2017-03-09,9685997.0
2017-03-10,10264764.0
2017-03-11,9110414.0
2017-03-12,8928198.0
2017-03-13,9693689.0
2017-03-14,9406622.0
2017-03-15,9704178.0
2017-03-16,9723525.0
2017-03-17,9446220.0
2017-03-18,8662640.0
2017-03-19,8220321.0
2017-03-20,9552436.0
2017-03-21,9491627.0
2017-03-22,10404501.0
2017-03-23,10058422.0
2017-03-24,9859206.0
2017-03-25,8512327.0
2017-03-26,8052573.0
2017-03-27,9787039.0
2017-03-28,9950188.0
2017-03-29,9755106.0
2017-03-30,9067009.0
2017-03-31,8793636.0
2017-04-01,8406478.0
2017-04-02,8955728.0
2017-04-03,9036456.0
2017-04-04,9508713.0
2017-04-05,9114651.0
2017-04-06,9099651.0
2017-04-07,8954337.0
2017-04-08,7628178.0
2017-04-09,7058191.0
2017-04-10,8642585.0
2017-04-11,8477814.0
2017-04-12,8553157.0
2017-04-13,8977367.0
2017-04-14,8213289.0
2017-04-15,7228257.0
2017-04-16,7543887.0
2017-04-17,8093898.0
2017-04-18,8869058.0
2017-04-19,9088079.0
2017-04-20,9193276.0
2017-04-21,8754337.0
2017-04-22,7874375.0
2017-04-23,7549251.0
2017-04-24,8875617.0
2017-04-25,8931182.0
2017-04-26,9472321.0
2017-04-27,9621533.0
2017-04-28,9398184.0
2017-04-29,7976697.0
2017-04-30,7221224.0
2017-05-01,7921840.0
2017-05-02,8977248.0
2017-05-03,8924094.0
2017-05-04,8538786.0
2017-05-05,8154970.0
2017-05-06,7898494.0
2017-05-07,7481737.0
2017-05-08,8712124.0
2017-05-09,9161376.0
2017-05-10,8703621.0
2017-05-11,8696612.0
2017-05-12,8934970.0
2017-05-13,7458428.0
2017-05-14,7048041.0
2017-05-15,8727758.0
2017-05-16,8773349.0
2017-05-17,9777095.0
2017-05-18,8860834.0
2017-05-19,8763570.0
2017-05-20,7545463.0
2017-05-21,7073248.0
2017-05-22,8219671.0
2017-05-23,8637403.0
2017-05-24,8501428.0
2017-05-25,8361205.0
2017-05-26,7835425.0
2017-05-27,7101704.0
2017-05-28,6916148.0
2017-05-29,7810618.0
2017-05-30,8150484.0
2017-05-31,8291841.0
2017-06-01,8005359.0
2017-06-02,8425243.0
2017-06-03,6972913.0
2017-06-04,6819546.0
2017-06-05,8245385.0
2017-06-06,8138391.0
2017-06-07,7907280.0
2017-06-08,8361494.0
2017-06-09,7971381.0
2017-06-10,6942151.0
2017-06-11,6445844.0
2017-06-12,7880021.0
2017-06-13,8410725.0
2017-06-14,8221534.0
2017-06-15,7800785.0
2017-06-16,7894474.0
2017-06-17,6998917.0
2017-06-18,6997853.0
2017-06-19,8617038.0
2017-06-20,8693498.0
2017-06-21,8972784.0
2017-06-22,8673355.0
2017-06-23,7902354.0
2017-06-24,6854832.0
2017-06-25,6753207.0
2017-06-26,8173875.0
2017-06-27,8667280.0
2017-06-28,9010365.0
2017-06-29,9610518.0
2017-06-30,9224257.0
2017-07-01,6939255.0
2017-07-02,6526438.0
2017-07-03,8131995.0
2017-07-04,8590321.0
2017-07-05,8445098.0
2017-07-06,8629790.0
2017-07-07,8419007.0
2017-07-08,7159365.0
2017-07-09,7108547.0
2017-07-10,8486429.0
2017-07-11,8875750.0
2017-07-12,8264821.0
2017-07-13,8191093.0
2017-07-14,7929465.0
2017-07-15,7202763.0
2017-07-16,7016410.0
2017-07-17,7988041.0
2017-07-18,8178543.0
2017-07-19,8553001.0
2017-07-20,8215279.0
2017-07-21,7956424.0
2017-07-22,7266559.0
2017-07-23,7104427.0
2017-07-24,8129320.0
2017-07-25,8341339.0
2017-07-26,8125704.0
2017-07-27,7718729.0
2017-07-28,7750120.0
2017-07-29,7143432.0
2017-07-30,6789764.0
2017-07-31,7789693.0
2017-08-01,8176447.0
2017-08-02,8341144.0
2017-08-03,7720803.0
2017-08-04,7553081.0
2017-08-05,6949267.0
2017-08-06,6679544.0
2017-08-07,8095521.0
2017-08-08,8435848.0
2017-08-09,8181280.0
2017-08-10,8003003.0
2017-08-11,7806301.0
2017-08-12,7083801.0
2017-08-13,6902690.0
2017-08-14,8184221.0
2017-08-15,8039667.0
2017-08-16,7949349.0
2017-08-17,8117039.0
2017-08-18,7643900.0
2017-08-19,6647527.0
2017-08-20,7094129.0
2017-08-21,8618966.0
2017-08-22,8583468.0
2017-08-23,8459853.0
2017-08-24,8226704.0
2017-08-25,8115662.0
2017-08-26,7218077.0
2017-08-27,6753551.0
2017-08-28,6956613.0
2017-08-29,8398057.0
2017-08-30,8609502.0
2017-08-31,8521201.0
2017-09-01,8139930.0
2017-09-02,7171177.0
2017-09-03,7214538.0
2017-09-04,8747345.0
2017-09-05,8719464.0
2017-09-06,8378948.0
2017-09-07,8496156.0
2017-09-08,8314356.0
2017-09-09,7410970.0
2017-09-10,7140686.0
2017-09-11,7981313.0
2017-09-12,8284220.0
2017-09-13,8177157.0
2017-09-14,8453701.0
2017-09-15,8678457.0
2017-09-16,7953650.0
2017-09-17,7857568.0
2017-09-18,9119448.0
2017-09-19,9032623.0
2017-09-20,9005264.0
2017-09-21,9004176.0
2017-09-22,8554409.0
2017-09-23,7631624.0
2017-09-24,7603637.0
2017-09-25,9260402.0
2017-09-26,9093985.0
2017-09-27,8918103.0
2017-09-28,8799129.0
2017-09-29,8701122.0
2017-09-30,7996362.0
2017-10-01,7571724.0
2017-10-02,8425544.0
2017-10-03,8752180.0
2017-10-04,9166645.0
2017-10-05,8639580.0
2017-10-06,8919874.0
2017-10-07,7957001.0
2017-10-08,8135151.0
2017-10-09,9393196.0
2017-10-10,9255630.0
2017-10-11,9027521.0
2017-10-12,9149178.0
2017-10-13,8879172.0
2017-10-14,7867615.0
2017-10-15,7651477.0
2017-10-16,8923233.0
2017-10-17,9201532.0
2017-10-18,10020592.0
2017-10-19,9973903.0
2017-10-20,9418065.0
2017-10-21,7708613.0
2017-10-22,7599417.0
2017-10-23,9873438.0
2017-10-24,9657286.0
2017-10-25,9367924.0
2017-10-26,9836949.0
2017-10-27,9393950.0
2017-10-28,7828166.0
2017-10-29,8169968.0
2017-10-30,10087751.0
2017-10-31,10109913.0
2017-11-01,9816117.0
2017-11-02,10571719.0
2017-11-03,10300761.0
2017-11-04,8662448.0
2017-11-05,8627886.0
2017-11-06,10398726.0
2017-11-07,10680074.0
2017-11-08,11019225.0
2017-11-09,10551092.0
2017-11-10,10112926.0
2017-11-11,9575388.0
2017-11-12,8735848.0
2017-11-13,11158811.0
2017-11-14,11345315.0
2017-11-15,11037054.0
2017-11-16,10763300.0
2017-11-17,10861821.0
2017-11-18,9857832.0
2017-11-19,9729586.0
2017-11-20,11013429.0
2017-11-21,10641198.0
2017-11-22,10104222.0
2017-11-23,10263293.0
2017-11-24,10913393.0
2017-11-25,9636466.0
2017-11-26,9517773.0
2017-11-27,10773335.0
2017-11-28,11287344.0
2017-11-29,11728299.0
2017-11-30,11857137.0
2017-12-01,11952489.0
2017-12-02,10708113.0
2017-12-03,10077801.0
2017-12-04,11564878.0
2017-12-05,11374060.0
2017-12-06,10837962.0
2017-12-07,10518945.0
2017-12-08,11008289.0
2017-12-09,11078844.0
2017-12-10,10762897.0
2017-12-11,11943480.0
2017-12-12,12175874.0
2017-12-13,11596171.0
2017-12-14,11626179.0
2017-12-15,11296916.0
2017-12-16,10766510.0
2017-12-17,10414349.0
2017-12-18,11595918.0
2017-12-19,11704209.0
2017-12-20,11297616.0
2017-12-21,11050485.0
2017-12-22,10191810.0
2017-12-23,8830000.0
2017-12-24,8325285.0
2017-12-25,7968728.0
2017-12-26,8319975.0
2017-12-27,9529626.0
2017-12-28,10057885.0
2017-12-29,10038435.0
2017-12-30,9095119.0
2017-12-31,8421674.0
2018-01-01,8701035.0
2018-01-02,10357421.0
2018-01-03,10254691.0
2018-01-04,10821245.0
2018-01-05,10985755.0
2018-01-06,9928843.0
2018-01-07,9932042.0
2018-01-08,11485292.0
2018-01-09,11648766.0
2018-01-10,11490475.0
2018-01-11,11600338.0
2018-01-12,11132609.0
2018-01-13,10003128.0
2018-01-14,9784489.0
2018-01-15,10507994.0
2018-01-16,10713746.0
2018-01-17,10972517.0
2018-01-18,11108359.0
2018-01-19,11014808.0
2018-01-20,10728710.0
2018-01-21,10399469.0
2018-01-22,10765377.0
2018-01-23,10310159.0
2018-01-24,10150275.0
2018-01-25,10688914.0
2018-01-26,11116861.0
2018-01-27,9395456.0
2018-01-28,8773568.0
2018-01-29,10265087.0
2018-01-30,10722502.0
2018-01-31,10375032.0
2018-02-01,10518523.0
2018-02-02,10917481.0
2018-02-03,10367505.0
2018-02-04,10125402.0
2018-02-05,11639872.0
2018-02-06,11743437.0
2018-02-07,11532838.0
2018-02-08,11268971.0
2018-02-09,10889166.0
2018-02-10,9922417.0
2018-02-11,9118888.0
2018-02-12,10778692.0
2018-02-13,11187890.0
2018-02-14,11228120.0
2018-02-15,10283094.0
2018-02-16,10456471.0
2018-02-17,9678219.0
2018-02-18,9762207.0
2018-02-19,10982903.0
2018-02-20,10392800.0
2018-02-21,11094207.0
2018-02-22,11103143.0
2018-02-23,10823763.0
2018-02-24,9545282.0
2018-02-25,9450948.0
2018-02-26,11510187.0
2018-02-27,12097066.0
2018-02-28,11946564.0
2018-03-01,11920078.0
2018-03-02,11775896.0
2018-03-03,10947891.0
2018-03-04,10540254.0
2018-03-05,11400461.0
2018-03-06,10606959.0
2018-03-07,10946460.0
2018-03-08,10737123.0
2018-03-09,10869306.0
2018-03-10,9372777.0
2018-03-11,9287191.0
2018-03-12,10744110.0
2018-03-13,10608295.0
2018-03-14,9882600.0
2018-03-15,10084810.0
2018-03-16,9778320.0
2018-03-17,9576870.0
2018-03-18,10030246.0
2018-03-19,10903891.0
2018-03-20,11178770.0
2018-03-21,10483254.0
2018-03-22,10446873.0
2018-03-23,9743996.0
2018-03-24,9556871.0
2018-03-25,8755346.0
2018-03-26,9904542.0
2018-03-27,10016959.0
2018-03-28,10500707.0
2018-03-29,10535188.0
2018-03-30,9505089.0
2018-03-31,9141666.0
2018-04-01,8927087.0
2018-04-02,9097549.0
2018-04-03,9682340.0
2018-04-04,9799897.0
2018-04-05,9388053.0
2018-04-06,8965422.0
2018-04-07,8894582.0
2018-04-08,8842497.0
2018-04-09,10037214.0
2018-04-10,9902996.0
2018-04-11,10090072.0
2018-04-12,10153999.0
2018-04-13,10268996.0
2018-04-14,8317850.0
2018-04-15,8184779.0
2018-04-16,8730876.0
2018-04-17,8656122.0
2018-04-18,8379848.0
2018-04-19,8683835.0
2018-04-20,8403858.0
2018-04-21,7510651.0
2018-04-22,7100881.0
2018-04-23,8127286.0
2018-04-24,9031560.0
2018-04-25,8414137.0
2018-04-26,8420774.0
2018-04-27,9592300.0
2018-04-28,8620564.0
2018-04-29,8314330.0
2018-04-30,9291297.0
2018-05-01,8774338.0
2018-05-02,8874882.0
2018-05-03,8824707.0
2018-05-04,8680619.0
2018-05-05,7154935.0
2018-05-06,6755844.0
2018-05-07,7176423.0
2018-05-08,8245038.0
2018-05-09,8255093.0
2018-05-10,8126315.0
2018-05-11,7969433.0
2018-05-12,7792520.0
2018-05-13,7228564.0
2018-05-14,8030781.0
2018-05-15,8190567.0
2018-05-16,8466029.0
2018-05-17,8311080.0
2018-05-18,8289565.0
2018-05-19,7015977.0
2018-05-20,6711602.0
2018-05-21,8157029.0
2018-05-22,7807231.0
2018-05-23,7987956.0
2018-05-24,8445020.0
2018-05-25,8376474.0
2018-05-26,6787803.0
2018-05-27,6739320.0
2018-05-28,7280439.0
2018-05-29,8239972.0
2018-05-30,8681730.0
2018-05-31,8756002.0
2018-06-01,8459778.0
2018-06-02,7433296.0
2018-06-03,7057768.0
2018-06-04,8431067.0
2018-06-05,8435326.0
2018-06-06,8175576.0
2018-06-07,8370573.0
2018-06-08,8386134.0
2018-06-09,7331731.0
2018-06-10,7032509.0
2018-06-11,8062365.0
2018-06-12,8342707.0
2018-06-13,7954290.0
2018-06-14,7597828.0
2018-06-15,7942171.0
2018-06-16,7116796.0
2018-06-17,6979586.0
2018-06-18,7711313.0
2018-06-19,8307108.0
2018-06-20,8099281.0
2018-06-21,7614340.0
2018-06-22,7689588.0
2018-06-23,6971345.0
2018-06-24,6766904.0
2018-06-25,8161160.0
2018-06-26,8302132.0
2018-06-27,8418047.0
2018-06-28,8861528.0
2018-06-29,7955245.0
2018-06-30,6881211.0
2018-07-01,6947552.0
2018-07-02,7999968.0
2018-07-03,8076399.0
2018-07-04,8428859.0
2018-07-05,8360251.0
2018-07-06,8302007.0
2018-07-07,7355206.0
2018-07-08,7074209.0
2018-07-09,8439385.0
2018-07-10,8371240.0
2018-07-11,8495963.0
2018-07-12,8492131.0
2018-07-13,8398606.0
2018-07-14,7209425.0
2018-07-15,6972912.0
2018-07-16,8440599.0
2018-07-17,8447894.0
2018-07-18,8548473.0
2018-07-19,8362191.0
2018-07-20,8318720.0
2018-07-21,7268228.0
2018-07-22,6989584.0
2018-07-23,8381682.0
2018-07-24,8484096.0
2018-07-25,8242593.0
2018-07-26,8361804.0
2018-07-27,8352388.0
2018-07-28,6396218.0
2018-07-29,6798800.0
2018-07-30,7947229.0
2018-07-31,7593563.0
2018-08-01,7701850.0
2018-08-02,8114130.0
2018-08-03,8358590.0
2018-08-04,7134859.0
2018-08-05,6841907.0
2018-08-06,8053607.0
2018-08-07,8364209.0
2018-08-08,8030466.0
2018-08-09,8179338.0
2018-08-10,7946547.0
2018-08-11,7043310.0
2018-08-12,7203804.0
2018-08-13,8239520.0
2018-08-14,8281304.0
2018-08-15,7963678.0
2018-08-16,8035116.0
2018-08-17,7559058.0
2018-08-18,7035849.0
2018-08-19,7125044.0
2018-08-20,8685370.0
2018-08-21,8470536.0
2018-08-22,8423716.0
2018-08-23,8188578.0
2018-08-24,7611585.0
2018-08-25,6937933.0
2018-08-26,7159091.0
2018-08-27,7362849.0
2018-08-28,8378829.0
2018-08-29,8476133.0
2018-08-30,8443557.0
2018-08-31,7975740.0
2018-09-01,7184427.0
2018-09-02,6927818.0
2018-09-03,8452247.0
2018-09-04,8717363.0
2018-09-05,8567165.0
2018-09-06,8682413.0
2018-09-07,8061326.0
2018-09-08,7492726.0
2018-09-09,6915338.0
2018-09-10,8162487.0
2018-09-11,8456317.0
2018-09-12,8617821.0
2018-09-13,8352207.0
2018-09-14,8232632.0
2018-09-15,7407040.0
2018-09-16,7262885.0
2018-09-17,8277099.0
2018-09-18,8026116.0
2018-09-19,8034821.0
2018-09-20,8615353.0
2018-09-21,7785562.0
2018-09-22,8133399.0
2018-09-23,7774169.0
2018-09-24,8761224.0
2018-09-25,8387296.0
2018-09-26,8847548.0
2018-09-27,8394217.0
2018-09-28,8606962.0
2018-09-29,7447672.0
2018-09-30,7514864.0
2018-10-01,8770181.0
2018-10-02,8701518.0
2018-10-03,8990853.0
2018-10-04,8942064.0
2018-10-05,9106217.0
2018-10-06,8314382.0
2018-10-07,7623746.0
2018-10-08,8643030.0
2018-10-09,8391401.0
2018-10-10,8524647.0
2018-10-11,8701786.0
2018-10-12,8407451.0
2018-10-13,7585697.0
2018-10-14,8175346.0
2018-10-15,9548830.0
2018-10-16,9290655.0
2018-10-17,9579826.0
2018-10-18,9481191.0
2018-10-19,9101565.0
2018-10-20,7915808.0
2018-10-21,7583604.0
2018-10-22,8754013.0
2018-10-23,8679965.0
2018-10-24,9036318.0
2018-10-25,9416810.0
2018-10-26,8984654.0
2018-10-27,8563210.0
2018-10-28,8885810.0
2018-10-29,10312457.0
2018-10-30,10754091.0
2018-10-31,10600219.0
2018-11-01,10353826.0
2018-11-02,10002060.0
2018-11-03,8199357.0
2018-11-04,8633911.0
2018-11-05,10040967.0
2018-11-06,9583133.0
2018-11-07,9674982.0
2018-11-08,9733825.0
2018-11-09,9385228.0
2018-11-10,8842275.0
2018-11-11,8647651.0
2018-11-12,9634178.0
2018-11-13,9479666.0
2018-11-14,9104875.0
2018-11-15,9785716.0
2018-11-16,9947082.0
2018-11-17,8708386.0
2018-11-18,8659978.0
2018-11-19,10478438.0
2018-11-20,10862601.0
2018-11-21,11420811.0
2018-11-22,6566351.0
2018-11-23,11216021.0
2018-11-24,9818975.0
2018-11-25,9591014.0
2018-11-26,11081003.0
2018-11-27,11289015.0
2018-11-28,11170912.0
2018-11-29,9807115.0
2018-11-30,9725909.0
2018-12-01,9505371.0
2018-12-02,8893006.0
2018-12-03,10334973.0
2018-12-04,11146428.0
2018-12-05,11120475.0
2018-12-06,10291878.0
2018-12-07,9552329.0
2018-12-08,8836181.0
2018-12-09,9061042.0
2018-12-10,11059092.0
2018-12-11,11007923.0
2018-12-12,11015304.0
2018-12-13,10689426.0
2018-12-14,11283591.0
2018-12-15,10003000.0
2018-12-16,9915203.0
2018-12-17,10805522.0
2018-12-18,10361133.0
2018-12-19,10489768.0
2018-12-20,10356425.0
2018-12-21,10029843.0
2018-12-22,8932586.0
2018-12-23,9425082.0
2018-12-24,9694453.0
2018-12-25,8670487.0
2018-12-26,8393411.0
2018-12-27,9562492.0
2018-12-28,9459314.0
2018-12-29,8583839.0
2018-12-30,8794286.0
2018-12-31,8760442.0
2019-01-01,8453304.0
2019-01-02,10607518.0
2019-01-03,11330916.0
2019-01-04,11232256.0
2019-01-05,10295831.0
2019-01-06,9934931.0
2019-01-07,10135839.0
2019-01-08,10388469.0
2019-01-09,11247807.0
2019-01-10,11458780.0
2019-01-11,11100398.0
2019-01-12,8941881.0
2019-01-13,8539639.0
2019-01-14,10564504.0
2019-01-15,10296226.0
2019-01-16,10426942.0
2019-01-17,10863092.0
2019-01-18,11305296.0
2019-01-19,10538580.0
2019-01-20,10267320.0
2019-01-21,11452497.0
2019-01-22,11507568.0
2019-01-23,11778873.0
2019-01-24,11772514.0
2019-01-25,10844591.0
2019-01-26,9121328.0
2019-01-27,9034516.0
2019-01-28,10889488.0
2019-01-29,11553340.0
2019-01-30,11743518.0
2019-01-31,11613073.0
2019-02-01,11638852.0
2019-02-02,10380865.0
2019-02-03,9986894.0
2019-02-04,10957671.0
2019-02-05,11188165.0
2019-02-06,10678556.0
2019-02-07,10346201.0
2019-02-08,9843443.0
2019-02-09,8842056.0
2019-02-10,9350366.0
2019-02-11,10731824.0
2019-02-12,10615580.0
2019-02-13,10069376.0
2019-02-14,10039984.0
2019-02-15,9741282.0
2019-02-16,8860069.0
2019-02-17,8190920.0
2019-02-18,9717700.0
2019-02-19,9910832.0
2019-02-20,9635173.0
2019-02-21,9520568.0
2019-02-22,9414173.0
2019-02-23,8492979.0
2019-02-24,8489475.0
2019-02-25,9539251.0
2019-02-26,9734967.0
2019-02-27,9735874.0
2019-02-28,10303569.0
2019-03-01,10023265.0
2019-03-02,8240429.0
2019-03-03,8404941.0
2019-03-04,9420606.0
2019-03-05,9862724.0
2019-03-06,9818781.0
2019-03-07,9590117.0
2019-03-08,9758063.0
2019-03-09,8384094.0
2019-03-10,8368920.0
2019-03-11,9356890.0
2019-03-12,9738974.0
2019-03-13,9295174.0
2019-03-14,9151518.0
2019-03-15,9040711.0
2019-03-16,8579004.0
2019-03-17,8164490.0
2019-03-18,9948470.0
2019-03-19,9962858.0
2019-03-20,9528254.0
2019-03-21,9629049.0
2019-03-22,9276313.0
2019-03-23,8610055.0
2019-03-24,7737353.0
2019-03-25,9150459.0
2019-03-26,9603034.0
2019-03-27,9734816.0
2019-03-28,9375163.0
2019-03-29,8899899.0
2019-03-30,8229420.0
2019-03-31,8019079.0
2019-04-01,9156990.0
2019-04-02,9751839.0
2019-04-03,9765753.0
2019-04-04,9833925.0
2019-04-05,9252062.0
2019-04-06,8486777.0
2019-04-07,8225283.0
2019-04-08,9216226.0
2019-04-09,9402964.0
2019-04-10,9218492.0
2019-04-11,9413516.0
2019-04-12,9242656.0
2019-04-13,7998319.0
2019-04-14,8031623.0
2019-04-15,8497176.0
2019-04-16,9297974.0
2019-04-17,8701817.0
2019-04-18,8261803.0
2019-04-19,7307325.0
2019-04-20,7104038.0
2019-04-21,6474112.0
2019-04-22,6853199.0
2019-04-23,8046351.0
2019-04-24,8433586.0
2019-04-25,8476065.0
2019-04-26,8136093.0
2019-04-27,7404715.0
2019-04-28,7648955.0
2019-04-29,8802730.0
2019-04-30,8782629.0
2019-05-01,8979949.0
2019-05-02,8810361.0
2019-05-03,8830515.0
2019-05-04,7239051.0
2019-05-05,7514935.0
2019-05-06,8013841.0
2019-05-07,8789023.0
2019-05-08,8873403.0
2019-05-09,9040872.0
2019-05-10,8947529.0
2019-05-11,7755068.0
2019-05-12,7222178.0
2019-05-13,7949955.0
2019-05-14,7906233.0
2019-05-15,7982959.0
2019-05-16,7949348.0
2019-05-17,8386606.0
2019-05-18,7611877.0
2019-05-19,7353531.0
2019-05-20,8230843.0
2019-05-21,8134246.0
2019-05-22,8158118.0
2019-05-23,7945747.0
2019-05-24,7906323.0
2019-05-25,6990422.0
2019-05-26,6492056.0
2019-05-27,6796523.0
2019-05-28,8046510.0
2019-05-29,8248262.0
2019-05-30,7622552.0
2019-05-31,7467724.0
2019-06-01,6849436.0
2019-06-02,6500946.0
2019-06-03,7485057.0
2019-06-04,8461958.0
2019-06-05,8095001.0
2019-06-06,7828291.0
2019-06-07,8126727.0
2019-06-08,6812900.0
2019-06-09,6778282.0
2019-06-10,8387224.0
2019-06-11,8245283.0
2019-06-12,8556742.0
2019-06-13,8649897.0
2019-06-14,8271094.0
2019-06-15,7169782.0
2019-06-16,6762578.0
2019-06-17,7748175.0
2019-06-18,8375957.0
2019-06-19,8353441.0
2019-06-20,7799014.0
2019-06-21,7758277.0
2019-06-22,6727088.0
2019-06-23,6845430.0
2019-06-24,8362285.0
2019-06-25,8542305.0
2019-06-26,8226988.0
2019-06-27,7610455.0
2019-06-28,7413048.0
2019-06-29,6928711.0
2019-06-30,6503667.0
2019-07-01,7512651.0
2019-07-02,8001632.0
2019-07-03,8092391.0
2019-07-04,7773845.0
2019-07-05,7672387.0
2019-07-06,7210995.0
2019-07-07,6934736.0
2019-07-08,8119713.0
2019-07-09,8392638.0
2019-07-10,8241126.0
2019-07-11,8197521.0
2019-07-12,7778755.0
2019-07-13,7174794.0
2019-07-14,7003309.0
2019-07-15,8144225.0
2019-07-16,8191379.0
2019-07-17,8072097.0
2019-07-18,7909079.0
2019-07-19,8057097.0
2019-07-20,6664708.0
2019-07-21,6467014.0
2019-07-22,7698958.0
2019-07-23,8116909.0
2019-07-24,8531745.0
2019-07-25,8692595.0
2019-07-26,8445926.0
2019-07-27,7574300.0
2019-07-28,7037221.0
2019-07-29,7865326.0
2019-07-30,8011596.0
2019-07-31,7893838.0
2019-08-01,8031757.0
2019-08-02,7929009.0
2019-08-03,7054849.0
2019-08-04,6878645.0
2019-08-05,7594871.0
2019-08-06,7745395.0
2019-08-07,7691258.0
2019-08-08,7887507.0
2019-08-09,7509968.0
2019-08-10,6541949.0
2019-08-11,6690235.0
2019-08-12,7884349.0
2019-08-13,7856521.0
2019-08-14,8396778.0
2019-08-15,7541655.0
2019-08-16,7689569.0
2019-08-17,6417492.0
2019-08-18,6395914.0
2019-08-19,7523552.0
2019-08-20,7864359.0
2019-08-21,7589138.0
2019-08-22,7371718.0
2019-08-23,7635501.0
2019-08-24,7011129.0
2019-08-25,6961640.0
2019-08-26,7478417.0
2019-08-27,8468719.0
2019-08-28,8627883.0
2019-08-29,7747031.0
2019-08-30,7394921.0
2019-08-31,6578720.0
2019-09-01,6542705.0
2019-09-02,7654589.0
2019-09-03,7974107.0
2019-09-04,7554677.0
2019-09-05,7757332.0
2019-09-06,7841934.0
2019-09-07,7346606.0
2019-09-08,7104842.0
2019-09-09,8710111.0
2019-09-10,8316878.0
2019-09-11,8100222.0
2019-09-12,8153641.0
2019-09-13,7971656.0
2019-09-14,6760084.0
2019-09-15,7258068.0
2019-09-16,8670505.0
2019-09-17,8400025.0
2019-09-18,8588367.0
2019-09-19,8493599.0
2019-09-20,7973327.0
2019-09-21,6950729.0
2019-09-22,7546110.0
2019-09-23,8478202.0
2019-09-24,8758692.0
2019-09-25,8746491.0
2019-09-26,8078859.0
2019-09-27,7973448.0
2019-09-28,7225061.0
2019-09-29,7354978.0
2019-09-30,8727332.0
2019-10-01,8757304.0
2019-10-02,8812654.0
2019-10-03,9226091.0
2019-10-04,8780024.0
2019-10-05,8001695.0
2019-10-06,7617855.0
2019-10-07,8957974.0
2019-10-08,8535354.0
2019-10-09,8620811.0
2019-10-10,8444271.0
2019-10-11,8612946.0
2019-10-12,8308033.0
2019-10-13,8406530.0
2019-10-14,9530634.0
2019-10-15,9289425.0
2019-10-16,9019165.0
2019-10-17,9242837.0
2019-10-18,9175260.0
2019-10-19,8228536.0
2019-10-20,8035063.0
2019-10-21,9740506.0
2019-10-22,9519530.0
2019-10-23,9457239.0
2019-10-24,9498149.0
2019-10-25,9484532.0
2019-10-26,8518093.0
2019-10-27,8194169.0
2019-10-28,9900707.0
2019-10-29,9985226.0
2019-10-30,10148483.0
2019-10-31,10214100.0
2019-11-01,9597345.0
2019-11-02,8559757.0
2019-11-03,8594361.0
2019-11-04,9753353.0
2019-11-05,9931012.0
2019-11-06,10435718.0
2019-11-07,10044611.0
2019-11-08,10248765.0
2019-11-09,9646358.0
2019-11-10,9156172.0
2019-11-11,9812945.0
2019-11-12,10087618.0
2019-11-13,10585786.0
2019-11-14,10591248.0
2019-11-15,10466881.0
2019-11-16,9759747.0
2019-11-17,9629010.0
2019-11-18,10844960.0
2019-11-19,11448197.0
2019-11-20,10961249.0
2019-11-21,10817715.0
2019-11-22,10505811.0
2019-11-23,9486354.0
2019-11-24,9378295.0
2019-11-25,10363205.0
2019-11-26,10178078.0
2019-11-27,10452979.0
2019-11-28,10410658.0
2019-11-29,10569940.0
2019-11-30,9978799.0
2019-12-01,9956720.0
2019-12-02,11178420.0
2019-12-03,10856894.0
2019-12-04,11065004.0
2019-12-05,10877808.0
2019-12-06,10019136.0
2019-12-07,8913878.0
2019-12-08,9956720.0
2019-12-09,10228382.0
2019-12-10,10517007.0
2019-12-11,10634946.0
2019-12-12,10946856.0
2019-12-13,10253230.0
2019-12-14,9137119.0
2019-12-15,9237952.0
2019-12-16,10656165.0
2019-12-17,11211941.0
2019-12-18,10631580.0
2019-12-19,10240168.0
2019-12-20,10323090.0
2019-12-21,9402755.0
2019-12-22,8918502.0
2019-12-23,9308808.0
2019-12-24,8952213.0
2019-12-25,8264071.0
2019-12-26,8259502.0
2019-12-27,8991522.0
2019-12-28,8571885.0
2019-12-29,8263343.0
2019-12-30,9141521.0
2019-12-31,9260337.0
2020-01-01,8572866.0
2020-01-02,9305906.0
2020-01-03,9557041.0
2020-01-04,8935797.0
2020-01-05,8779423.0
2020-01-06,9912227.0
2020-01-07,9727829.0
2020-01-08,10285164.0
2020-01-09,10270430.0
2020-01-10,10002815.0
2020-01-11,8729682.0
2020-01-12,8819950.0
2020-01-13,9825511.0
2020-01-14,10072498.0
2020-01-15,9766741.0
2020-01-16,9923135.0
2020-01-17,10143880.0
2020-01-18,9565476.0
2020-01-19,9579601.0
2020-01-20,10812000.0
2020-01-21,11032368.0
2020-01-22,11155687.0
2020-01-23,11249518.0
2020-01-24,10937931.0
2020-01-25,9506549.0
2020-01-26,9085507.0
2020-01-27,10278215.0
2020-01-28,10184427.0
2020-01-29,10006458.0
2020-01-30,9865500.0
2020-01-31,9370514.0
2020-02-01,8409672.0
2020-02-02,8565903.0
2020-02-03,9536455.0
2020-02-04,10073503.0
2020-02-05,10605297.0
2020-02-06,10457271.0
2020-02-07,9828252.0
2020-02-08,8268232.0
2020-02-09,8553721.0
2020-02-10,9725901.0
2020-02-11,9803542.0
2020-02-12,10136945.0
2020-02-13,10374936.0
2020-02-14,10090205.0
2020-02-15,8692220.0
2020-02-16,8360546.0
2020-02-17,9365339.0
2020-02-18,9656549.0
2020-02-19,10056843.0
2020-02-20,9628724.0
2020-02-21,9470487.0
2020-02-22,8284903.0
2020-02-23,8497291.0
2020-02-24,9803384.0
2020-02-25,9972960.0
2020-02-26,10180736.0
2020-02-27,10341166.0
2020-02-28,10303349.0
2020-02-29,8459251.0
2020-03-01,8366167.0
2020-03-02,9825344.0
2020-03-03,10226557.0
2020-03-04,10804749.0
2020-03-05,11061421.0
2020-03-06,9913034.0
2020-03-07,8541648.0
2020-03-08,8036049.0
2020-03-09,9450027.0
2020-03-10,9188802.0
2020-03-11,8933494.0
2020-03-12,8921639.0
2020-03-13,9712286.0
2020-03-14,8445298.0
2020-03-15,8255280.0
2020-03-16,9165431.0
2020-03-17,9096128.0
2020-03-18,9606639.0
2020-03-19,9880972.0
2020-03-20,9179053.0
2020-03-21,7813603.0
2020-03-22,7741092.0
2020-03-23,8528581.0
2020-03-24,7742630.0
2020-03-25,8128454.0
2020-03-26,8235518.0
2020-03-27,7727882.0
2020-03-28,7198322.0
2020-03-29,7254918.0
2020-03-30,8269707.0
2020-03-31,8526549.0
2020-04-01,8459143.0
2020-04-02,7627323.0
2020-04-03,7899224.0
2020-04-04,6872680.0
2020-04-05,6571729.0
2020-04-06,7069934.0
2020-04-07,7209496.0
2020-04-08,7295060.0
2020-04-09,7039020.0
2020-04-10,6616184.0
2020-04-11,6267847.0
2020-04-12,6253450.0
2020-04-13,6435924.0
2020-04-14,7123981.0
2020-04-15,6957405.0
2020-04-16,6840272.0
2020-04-17,6910049.0
2020-04-18,7003430.0
2020-04-19,6288991.0
2020-04-20,6720800.0
2020-04-21,6741930.0
2020-04-22,6651054.0
2020-04-23,6888072.0
2020-04-24,6847728.0
2020-04-25,6412496.0
2020-04-26,6289455.0
2020-04-27,7221983.0
2020-04-28,7982971.0
2020-04-29,7481213.0
2020-04-30,7400810.0
2020-05-01,7031915.0
2020-05-02,6557733.0
2020-05-03,6970840.0
2020-05-04,6880608.0
2020-05-05,6797066.0
2020-05-06,6734675.0
2020-05-07,6750032.0
2020-05-08,6327269.0
2020-05-09,5990667.0
2020-05-10,6305809.0
2020-05-11,6889332.0
2020-05-12,7172575.0
2020-05-13,7199792.0
2020-05-14,7076789.0
2020-05-15,6845450.0
2020-05-16,6257194.0
2020-05-17,6029117.0
2020-05-18,6661361.0
2020-05-19,6814893.0
2020-05-20,6644026.0
2020-05-21,6727514.0
2020-05-22,6407032.0
2020-05-23,6084160.0
2020-05-24,6092439.0
2020-05-25,5927275.0
2020-05-26,6660203.0
2020-05-27,6771358.0
2020-05-28,6616119.0
2020-05-29,6171789.0
2020-05-30,5697618.0
2020-05-31,5621231.0
2020-06-01,6588236.0
2020-06-02,6792678.0
2020-06-03,7103617.0
2020-06-04,7163356.0
2020-06-05,6571758.0
2020-06-06,6407390.0
2020-06-07,6402663.0
2020-06-08,7317237.0
2020-06-09,7562718.0
2020-06-10,7721472.0
2020-06-11,7001787.0
2020-06-12,7019792.0
2020-06-13,6294445.0
2020-06-14,6270861.0
2020-06-15,7127714.0
2020-06-16,7688344.0
2020-06-17,7620834.0
2020-06-18,7720105.0
2020-06-19,7032808.0
2020-06-20,6032533.0
2020-06-21,6129129.0
2020-06-22,6455762.0
2020-06-23,6983624.0
2020-06-24,7425355.0
2020-06-25,7555544.0
2020-06-26,7486233.0
2020-06-27,6185446.0
2020-06-28,5871951.0
2020-06-29,6812258.0
2020-06-30,7691358.0
2020-07-01,7684318.0
2020-07-02,7992493.0
2020-07-03,6994397.0
2020-07-04,6618552.0
2020-07-05,6190770.0
2020-07-06,6916580.0
2020-07-07,7735098.0
2020-07-08,8207568.0
2020-07-09,8320959.0
2020-07-10,7439044.0
2020-07-11,6279674.0
2020-07-12,6033980.0
2020-07-13,7437898.0
2020-07-14,7747394.0
2020-07-15,8179981.0
2020-07-16,7874277.0
2020-07-17,7548206.0
2020-07-18,6477861.0
2020-07-19,6242251.0
2020-07-20,7273094.0
2020-07-21,7654178.0
2020-07-22,7560241.0
2020-07-23,7796135.0
2020-07-24,7347247.0
2020-07-25,6578770.0
2020-07-26,6137183.0
2020-07-27,7261540.0
2020-07-28,6897091.0
2020-07-29,7286372.0
2020-07-30,7476401.0
2020-07-31,7510987.0
2020-08-01,6639504.0
2020-08-02,6257376.0
2020-08-03,7167543.0
2020-08-04,7363617.0
2020-08-05,7247313.0
2020-08-06,7767327.0
2020-08-07,7674960.0
2020-08-08,6700782.0
2020-08-09,6504672.0
2020-08-10,7753050.0
2020-08-11,8082569.0
2020-08-12,8124397.0
2020-08-13,8133296.0
2020-08-14,8008316.0
2020-08-15,7253594.0
2020-08-16,7093317.0
2020-08-17,7861199.0
2020-08-18,7856560.0
2020-08-19,7953441.0
2020-08-20,7074385.0
2020-08-21,6834864.0
2020-08-22,6254000.0
2020-08-23,6617663.0
2020-08-24,7712826.0
2020-08-25,7441151.0
2020-08-26,7709985.0
2020-08-27,8276467.0
2020-08-28,7320954.0
2020-08-29,6559110.0
2020-08-30,6726084.0
2020-08-31,7109274.0
2020-09-01,7734253.0
2020-09-02,7686476.0
2020-09-03,7776410.0
2020-09-04,7534843.0
2020-09-05,6755748.0
2020-09-06,6960972.0
2020-09-07,7824254.0
2020-09-08,7872031.0
2020-09-09,7966975.0
2020-09-10,8222906.0
2020-09-11,7905531.0
2020-09-12,6717793.0
2020-09-13,6536138.0
2020-09-14,8031101.0
2020-09-15,8614336.0
2020-09-16,8444826.0
2020-09-17,8034525.0
2020-09-18,7540372.0
2020-09-19,6719329.0
2020-09-20,6983203.0
2020-09-21,8261752.0
2020-09-22,8299817.0
2020-09-23,8513823.0
2020-09-24,8150423.0
2020-09-25,7535549.0
2020-09-26,7334067.0
2020-09-27,7503855.0
